filename,neutrons,mean_emissions,emissions_err,mean_duration,duration_err,mean_cpu_power,cpu_power_err,mean_ram_power,ram_power_err,mean_cpu_energy,cpu_energy_err,mean_ram_energy,ram_energy_err
neutron_penetration_emissions_100.csv,100,7.067971351652862e-06,1.1643381511806218e-06,2.536476950001088,0.015165113079052214,42.5,0.0,10.0,0.0,2.991614040975846e-05,1.8231719046823018e-07,7.022999527778465e-06,4.290733018659321e-08
neutron_penetration_emissions_1000.csv,1000,1.3781847877696122e-05,1.517148737011591e-06,4.4691339399985734,0.06253873892725319,42.5,0.0,10.0,0.0,5.273405560412559e-05,7.362936241953533e-07,1.239197288888843e-05,1.7308976382421434e-07
neutron_penetration_emissions_10000.csv,10000,4.962153898590683e-05,8.6050271990217e-06,14.329342370000086,2.486643381459705,42.5,0.0,10.0,0.0,0.00016910325602078,2.9332788839891286e-05,3.975127422220895e-05,6.885332455709521e-06
neutron_penetration_emissions_100000.csv,100000,0.0002467302729711224,5.3050180734770054e-05,81.26316506154566,12.762833728820949,42.5,0.0,10.0,0.0,0.0009590468659723091,0.00015058878574078052,0.00022548011132471327,3.539032424818026e-05
neutron_penetration_emissions_50000.csv,50000,0.00010834613785450946,1.1915360542041821e-05,34.766046940005616,0.16313540279665864,42.5,0.0,10.0,0.0,0.00041029024377772,1.9160652546631105e-06,9.647790847224112e-05,4.5087384837842933e-07
neutron_penetration_emissions_80000.csv,80000,0.00027233137537818996,3.9165303650721594e-05,78.6434044399939,11.318376311913523,42.5,0.0,10.0,0.0,0.00092808140528453,0.00013349910948352777,0.00021814748316660002,3.134566097979776e-05
