filename,neutron_number,mean_emissions,emissions_err,mean_duration,duration_err,mean_cpu_power,cpu_power_err,mean_ram_power,ram_power_err,mean_cpu_energy,cpu_energy_err,mean_ram_energy,ram_energy_err
210725_neutron_penetration_emissions_10000.csv,10000,2.3144197463453867e-05,6.199489471295008e-06,11.020951080000122,0.07233430331123236,42.5,0.0,10.0,0.0,0.00013008651847912,8.53272721278133e-07,3.059400449999986e-05,2.0073547968961348e-07
210725_neutron_penetration_emissions_20000.csv,20000,6.662712406271092e-05,1.0148211378933607e-06,19.238289939999778,0.29279958339104367,42.5,0.0,10.0,0.0,0.00022704552441662,3.45844985502949e-06,5.3384647277777434e-05,8.12881425962011e-07
210725_neutron_penetration_emissions_35000.csv,35000,0.00010538595150351362,1.2350480415762944e-05,34.26916222,1.3528744107754336,42.5,0.0,10.0,0.0,0.0004044475255832701,1.596006819463642e-05,9.51049581666465e-05,3.750929097254904e-06
210725_neutron_penetration_emissions_60000.csv,60000,3.9482444026967056e-05,1.966820600472461e-05,40.71763657272723,0.2630283236531174,42.5,0.0,10.0,0.0,0.00048060824119313636,3.1008460050317755e-06,0.00011302971618680908,7.293803137042239e-07
210725_neutron_penetration_emissions_70000.csv,70000,0.00013409196475050716,2.3178936828884722e-05,51.21180117499974,0.8083615233655783,42.5,0.0,10.0,0.0,0.0006044271029686999,9.537779892446257e-06,0.00014212432812495,2.2413777743769067e-06
